Toyota Land Cruiser , 2013/40000$/"https://i.cars.kg/preview/r/sZF13j8IvoUPAnd-7M-I3w/1080x-/20211006/5b7d7a4aa6a0ec9c56b98e8cfd1362d8.jpg"
Lexus LX , 2012/43000$/"https://i.cars.kg/preview/r/K8JWe8yQqXBZV8sUKORE8w/1080x-/20211006/da167e7dd4138b1569abfbea5aef4480.jpg"
Volvo S70 1 поколение Седан , 1998/2700$/"https://i.cars.kg/preview/r/3ezoNAtQt5CbWMrFITSE-A/1080x-/20211006/0de9317eb40e05ffb3aabe277ecea924.jpg"
Toyota Тойота Гая , 2002/5300$/"https://i.cars.kg/preview/r/KM4vUikHPuPWb7JlueBg3w/1080x-/20211006/1668d59e5e7144161b8cc48477ae55d3.jpg"
Lexus RX , 2007/14800$/"https://i.cars.kg/preview/r/So4B-WILH9F3Kq03vEA_Gw/1080x-/20211006/4541d20500cd595d7eef9dbb9cecf60b.jpg"
Mercedes-Benz S-Класс W220 [рестайлинг] Седан , 2003/6700$/"https://i.cars.kg/preview/r/aGhgRmV0QxS2qW77z9I7GA/1080x-/20211006/843f3680ed882cc3b5ee6b4308f49bfc.jpeg"
Mercedes-Benz S-Класс W221 [рестайлинг] Седан 4-дв. , 2010/19900$/"https://i.cars.kg/preview/r/WOI4ZI-KcYIxLG6OdZcjuw/1080x-/20211006/a9a826101daaec2d92a36d59ca044716.jpg"
Lexus LX 3 поколение [рестайлинг] Внедорожник , 2013/46000$/"https://i.cars.kg/preview/r/Pv2Se_U5nifd6krA99_O8w/1080x-/20211006/dbc1eb6221f48f93793c2f4cf2b339c6.jpg"
Toyota Land Cruiser J200 [рестайлинг] 200 внедорожник , 2012/39500$/"https://i.cars.kg/preview/r/73r_FWRbeJatY4Jm45LW6w/1080x-/20211006/979a95ac9fa1296df0501c38f002aef1.jpg"
BMW X5 F15 Кроссовер , 2014/26000$/"https://i.cars.kg/preview/r/B1UBvjMYzrdfqdKCB2wctw/1080x-/20211006/3ff382427c205a9951d067e82ff6bc53.jpg"
Lexus RX 2 поколение [рестайлинг] Кроссовер , 2007/14000$/"https://i.cars.kg/preview/r/pWaL2KrlVKsPNr3AOx0peQ/1080x-/20211006/9e2ab31f264315998844195bb3c92fca.jpg"
Toyota Camry , 2015/18999$/"https://i.cars.kg/preview/r/_LdNAYHPO-k2t6CSf1Op-Q/1080x-/20211006/906c700256219f4dc4fb35443f2458fc.jpg"
Hyundai Starex , 2005/60000$/"https://i.cars.kg/preview/r/yysiLmBFZOSg6__cIhfT_w/1080x-/20211006/9bab016e76eaa0c3d99c5b4e9b780a72.jpg"
Kia K5 1 поколение Седан , 2013/9500$/"https://i.cars.kg/preview/r/rpA6-lTLMSZdFyAwxcoXCw/1080x-/20211006/0c8ecda5e8f47063dd55fac150a40030.jpg"
"Mercedes-Benz C-Класс W203/S203/CL203 [рестайлинг] Универсал 5-дв. , 2007"/7200$/"https://i.cars.kg/preview/r/Boh-LkpU_x2Ye26aHIajGw/1080x-/20211006/be2ea1dbb2e2dad643b1ba2230bda585.jpg"
Lexus GX , 2008/27500$/"https://i.cars.kg/preview/r/O3tYPBVWEeIzsRlK2_BYNw/1080x-/20211006/3ae916a265056a6b70a2e166ff7afda4.jpg"
Volkswagen Golf 4 поколение , 2003/6300$/"https://i.cars.kg/preview/r/vrO7T14hitaRiMuGsk9-ag/1080x-/20211006/707362e5202cad7e9a25419430a3865e.jpg"
Honda Fit 1 поколение Хетчбэк , 2003/5300$/"https://i.cars.kg/preview/r/el6HmzvTabnlDKvTynxf7Q/1080x-/20211006/8a4774dd926ec000107f2e30c8167f0c.jpg"
Kia K7 1 поколение Седан , 2010/10800$/"https://i.cars.kg/preview/r/p9_IKs5zcRZ6LQAFeX4goQ/1080x-/20211005/e18a7c60c8bee3647f376d624a165896.jpg"
Nissan Almera G11 Седан , 2015/6800$/"https://i.cars.kg/preview/r/ugm15-cC2OCDfA9COnZ_QA/1080x-/20211005/be6a7faecfd0114d30da15d8e1bb3432.jpg"
Nissan March K11 [рестайлинг] Bolero хетчбэк 5-дв. , 1997/2100$/"https://i.cars.kg/preview/r/qs8aiLp6o1xFqRoSa4qBHA/1080x-/20211005/3f3a3c163b2c6ec5314c7062273baba2.jpg"
Daihatsu YRV 1 поколение Минивэн , 2002/1297$/"https://i.cars.kg/preview/r/7BSBRX6DgkcmOhtiIHx7Ng/1080x-/20211005/fcdbb7c643f705303adb5d6f817b3e08.jpg"
Mercedes-Benz S-Класс W221 AMG седан 4-дв. , 2008/20000$/
Toyota Ist 1 поколение Хетчбэк , 2003/6000$/
Volkswagen Passat B6 Универсал 5-дв. , 2008/7000$/"https://i.cars.kg/preview/r/L7IVxbrZxkE6oVZigXJ6DA/1080x-/20211005/8b0bc223ae81f24b54c822fe6cab333a.jpg"
Toyota Wish 1 поколение [рестайлинг] Минивэн , 2005/620000$/"https://i.cars.kg/preview/r/9jqqkkcLON2MPVpVAXih_g/1080x-/20211005/6938cf7be47cfaec3c9e4c9ec05c9c4c.jpeg"
Audi A4 , 1999/2830$/"https://i.cars.kg/preview/r/XzveXtfDCJN8wyT1YNvVow/1080x-/20211005/5e373d558851d4c5980c03cc5d4a6b19.jpg"
Nissan Maxima J30 , 1990/1000$/"https://i.cars.kg/preview/r/mYe45ubuC8xdaJxbixBqKQ/1080x-/20211005/d18b712cff3a6c92c9d234197ef5dab1.jpg"
Volkswagen Passat B5.5 [рестайлинг] Седан , 2002/2594$/"https://i.cars.kg/preview/r/pQAZoCy6iZP8cfm7ti9dxg/1080x-/20211005/0c14a4873594fa83b7655f6601146523.jpg"
Toyota Camry XV50 [рестайлинг] Седан , 2015/18950$/"https://i.cars.kg/preview/r/LnKosgY9T9fXKdlq6NTHMw/1080x-/20211005/16918c67be58d15ac645205538d5ad7a.jpg"
Lexus LS 4 поколение [рестайлинг] 460 седан 4-дв. , 2007/10700$/"https://i.cars.kg/preview/r/MUUyMkNyG0pJe9a9HZUz3A/1080x-/20211005/44db4661051c317a252056eeb9bb388f.jpeg"
BMW X5 E70 [рестайлинг] Кроссовер , 2012/19850$/"https://i.cars.kg/preview/r/uE8mfQQfnSYpo6PBubGPNA/1080x-/20211005/f0ec8e5016984db9f875ea30f6c82d59.jpg"
Toyota Alphard 2 поколение [рестайлинг] Минивэн 5-дв. , 2012/26000$/"https://i.cars.kg/preview/r/kYslKriMcL39e1w_JUutSA/1080x-/20211005/814546b7e062b0f1af7e721f99658764.jpg"
Ravon Gentra 1 поколение Седан , 2017/5700$/"https://i.cars.kg/preview/r/e8bVkmlENcI85Guj7gWzmA/1080x-/20211005/517dc250b66ec8a552fdefb1217ca4b5.jpg"
Lexus LX , 2008/32500$/"https://i.cars.kg/preview/r/BcOJ5_rSdIPLcW_c45v7Lg/1080x-/20211005/4e3ad6b43d78501c2bae3387f8b54817.jpg"
"Mercedes-Benz E-Класс W210/S210 [рестайлинг] Седан , 2000"/5000$/"https://i.cars.kg/preview/r/JU-HSibEVsc5-Q1vtw3mvw/1080x-/20211005/b1dd18fb0a048fccdd982b3d4f8a0069.jpeg"
Honda Civic 6 поколение Хетчбэк 3-дв. , 2001/3800$/"https://i.cars.kg/preview/r/uIcULAdwWBeP7Dr6wflydg/1080x-/20211005/eb1b697da8be1b2897b0782bb2b80f5e.jpeg"
Nissan X-Trail T31 Кроссовер , 2009/10000$/"https://i.cars.kg/preview/r/vi2GhBULqPaPyLRx_iP-Vw/1080x-/20211005/39fbf24d63f29b0f2afc272a30804bcc.jpg"
Toyota 4Runner 5 поколение Внедорожник , 2015/25999$/"https://i.cars.kg/preview/r/nhlU2A50NvOp07_Ow41X7A/1080x-/20211004/2610a76206ff4febd81a67047a24a299.jpg"
Daewoo Matiz M200 , 2007/2311$/
Toyota Ipsum 2 поколение Минивэн , 2003/7700$/"https://i.cars.kg/preview/r/uA1LkXlf3N4v4o34jhyidQ/1080x-/20211004/782cc1b6264168ad431ce87d150fbd29.jpeg"
Subaru Outback 3 поколение Универсал , 2004/6200$/"https://i.cars.kg/preview/r/Mxej5FXiEW2FuwDv1mavMQ/1080x-/20211004/1548fbfaca508a2e8d1f75efaa0c02e0.jpg"
Subaru Outback 3 поколение Универсал , 2006/7498$/"https://i.cars.kg/preview/r/KkpPURmOZyW-ulVIPyBU_g/1080x-/20211004/ad120780b2aa3086d2630520fa988a27.jpg"
Toyota Avensis 3 поколение , 2010/10500$/"https://i.cars.kg/preview/r/OPkCFolvbM81Sfzhb-98fg/1080x-/20211004/7e8e15da73370a315f7349ff3b43063f.jpg"
Kia Optima 4 поколение Седан 4-дв. , 2017/17750$/"https://i.cars.kg/preview/r/ty6_62U3bEvTBIiI_JpuMQ/1080x-/20211004/50df61f98265f1ab71534090bf7c4e67.jpg"
Audi A5 8T [рестайлинг] Купе , 2012/22900$/"https://i.cars.kg/preview/r/3d756I1MP0QtseTHhnkFMA/1080x-/20211004/2630279bef42574893aab44dc2e02151.jpg"
Toyota Highlander 2 поколение Кроссовер 5-дв. , 2009/17100$/"https://i.cars.kg/preview/r/H0SS560ZqYiT3hX0fkoMzg/1080x-/20211004/998e32c6ff1f08d0e23b12fde12f0cf2.jpg"
Lexus NX 1 поколение Кроссовер 5-дв. , 2014/29800$/"https://i.cars.kg/preview/r/ooYZjjIwgtb8Db2hCjd2lg/1080x-/20211004/484edade234784baff82fe6b9b4489a4.jpg"
Mercedes-Benz G-Класс W463 [рестайлинг] Внедорожник 5-дв. , 2008/33000$/"https://i.cars.kg/preview/r/hpuIu_AcrZISj9FUddOwSw/1080x-/20211004/f09c86f317fc8550edac0ffeb2e94a0f.jpg"
Daewoo Lanos T100 Седан , 1999/150000$/"https://i.cars.kg/preview/r/4DRCSNOpyP3cfvykY7LziQ/1080x-/20211004/ce273614d531c3e4e8bca88463c4a68d.jpeg"
Kia Mohave 1 поколение Внедорожник , 2012/21900$/"https://i.cars.kg/preview/r/c3jlzPmMdLUOR2i4-jjcZA/1080x-/20211004/0931a1c941f03ab7a4a07fcf0f1ec6de.jpg"
BMW 3 серии Gran Turismo 335i VI (F3x), 2013/32200$/"https://i.cars.kg/preview/r/lBX70p9LyIRBDZ_xJhGeYQ/1080x-/20211004/58eb5ecd1eac0f18f12db0e173149bca.jpg"
Hyundai Getz 1 поколение [рестайлинг] Хетчбэк 5-дв. , 2006/5500$/"https://i.cars.kg/preview/r/-im7JZ1ntz4Sf2O6l_4v3A/1080x-/20211004/2bc81209d08d41daa0bdee8d2fc1d3ff.jpg"
Toyota , 1999/6300$/"https://i.cars.kg/preview/r/B9jDvUid8iwctTkZh536xw/1080x-/20211004/3750b1ffd2799da1c5f5c382efad23f0.jpg"
Mazda Demio 3 поколение [рестайлинг] Хетчбэк , 2011/6000$/"https://i.cars.kg/preview/r/W1Jb7rxYP1Ciwx6udNi0Og/1080x-/20211004/819efa51e0bb0e0ae6e9a3d970bc1537.jpg"
Toyota Land Cruiser J200 [2-й рестайлинг] Внедорожник , 2019/76000$/"https://i.cars.kg/preview/r/koG_YCJpnFLpYQ5hT8-3Rg/1080x-/20211004/f44b17e567523e54e859bfc58de3647b.jpeg"
Land Rover Range Rover 3 поколение [рестайлинг] Внедорожник , 2008/17500$/"https://i.cars.kg/preview/r/E1mG_JYMbb04aVKXE8JELQ/1080x-/20211004/8f84557a55ca885aec23491ff60bf9eb.jpg"
Hyundai Avante , 2004/3650$/"https://i.cars.kg/preview/r/yuMvg49mYhJLFRoiqGQLyg/1080x-/20211004/a12eabaa5186420f9d8d3706734aba6e.jpg"
BMW 3 серия E46 , 2001/3900$/"https://i.cars.kg/preview/r/7Udg52lniyvyVp0Oi4Hayw/1080x-/20211004/6bc7a1664e09794fde46ed3f109cc92e.jpg"
Toyota Wish 1 поколение Минивэн , 2003/1$/"https://i.cars.kg/preview/r/utjZQXUo3nMwptfK3MUMEA/1080x-/20211004/4046dc4e028716576a1e09245eb2832b.jpg"
Toyota Fun Cargo 1 поколение , 2003/4200$/"https://i.cars.kg/preview/r/zQGobQLL4Th8wu9EsaA_LA/1080x-/20211004/2d271664507e36c694b30be9315a1bed.jpg"
Hyundai Sonata Y3 Седан , 1996/1800$/"https://i.cars.kg/preview/r/ZL_HdnqsO57AWoMt1BQX1A/1080x-/20211004/1a9509e4b43bd4afb19eb88495551613.jpg"
Chevrolet Lanos 1 поколение Седан , 2006/1800$/"https://i.cars.kg/preview/r/ahs7GMVY4mB8XhQxNZ61kA/1080x-/20211005/a7ce352897dd9f602b694207fd3bc723.jpg"
Mercedes-Benz , 2000/6500$/"https://i.cars.kg/preview/r/NFrSkJdEWg4Siuh3VM5Nag/1080x-/20211003/f2b7f92fb54c172743dc453d0b65bec6.jpg"
"BMW 5 серия E60/E61 Седан , 2004"/4500$/"https://i.cars.kg/preview/r/Aa-S7k_amotVe_npaYQzTg/1080x-/20211003/ac8952d6b51dbfbfe3d713f8dfc3e1db.jpg"
Toyota Highlander 2 поколение [рестайлинг] Кроссовер 5-дв. , 2014/32200$/"https://i.cars.kg/preview/r/JYxKsqaKji4Y4j5Tzc8l0A/1080x-/20211003/99f6cf71936287434130ba29796a1ca7.jpg"
Nissan Mistral R20 , 1996/4500$/"https://i.cars.kg/preview/r/ZghYn1Uwha1ApY-17a92Rg/1080x-/20211003/4feeff7c48464c6ab485baed91702105.jpeg"
Mercedes-Benz S-Класс W124 Универсал , 1991/2200$/"https://i.cars.kg/preview/r/HtiDXlxWoWJjA1siyFrvdQ/1080x-/20211003/73ee02cc9bb3e9cbe9cbedcb38a4010c.jpg"
Toyota 4Runner 5 поколение Внедорожник , 2012/23000$/
Toyota Hilux Surf 4 поколение Внедорожник , 2003/12500$/"https://i.cars.kg/preview/r/N6B1gyLsS99VYmQuEoeY_g/1080x-/20211003/f162180199eb774f866f8dadc84d4dc6.jpeg"
"Mercedes-Benz E-Класс W211/S211 Универсал , 2003"/5500$/"https://i.cars.kg/preview/r/v7p27o5fVNNcA5H08RN5dA/1080x-/20211003/a8842cbfeb5edc606711e4ec64a301da.jpeg"
Subaru , 2005/7500$/"https://i.cars.kg/preview/r/cJoeD7alBOeYcgydNv5_dQ/1080x-/20211003/2d9ac8eed8e987ff9af3dfd107559c7b.jpg"
Lexus IS 1 поколение Седан , 2002/4700$/"https://i.cars.kg/preview/r/u2JiSbai4bqD55vUEELIOQ/1080x-/20211003/b2d6573e11a7172b9eecc08b1eefe09d.jpg"
Opel Signum C Хетчбэк , 2004/4300$/"https://i.cars.kg/preview/r/Rrhoo2OfaQMfu7ZjGtruMA/1080x-/20211003/de0b9ef05a004bf69304b89bfa03c107.jpg"
"Audi 100 4A/C4 Avant универсал , 1993"/2000$/"https://i.cars.kg/preview/r/3-L8_5MQiBkpIFENnO0a2w/1080x-/20211003/56069b31a81845518bf3b553157e0447.jpg"
Mercedes-Benz M-Класс W163 Кроссовер , 1998/5500$/"https://i.cars.kg/preview/r/PiqHemN1x8DtvkSjmUciXw/1080x-/20211003/cfd2528c60c0edd90f03d240150c774d.jpg"
Toyota Land Cruiser J100 Внедорожник , 2002/14000$/"https://i.cars.kg/preview/r/owZlK9d01HnEyLUlhFpVXg/1080x-/20211003/b5531c0d93267c67f8d428eee13307f1.jpg"
Honda Z 1 поколение Хетчбэк , 1997/4500$/"https://i.cars.kg/preview/r/tV1dLSD78Ae8U5ZVx7m3tw/1080x-/20211003/d5dbcc2c15b4613d18abbd407f682f8e.jpg"
Daewoo Damas 1 поколение , 1996/2000$/"https://i.cars.kg/preview/r/_dAbFW6XJ4UFHTIUGFS8iA/1080x-/20211003/237e2259032e80c0c4f699c94fc36ac1.jpg"
Nissan Primera P10 Седан , 1993/1200$/"https://i.cars.kg/preview/r/CUKsnvQfI9NTQkZ94f5t5g/1080x-/20211003/be8c401fd61e58d759c6084748154a40.jpg"
Mitsubishi Delica 4 поколение Минивэн , 1995/4700$/"https://i.cars.kg/preview/r/bz-tw7RoOOy7gVDCfDSBSw/1080x-/20211003/165e6cfbde8f13fa4b18748ee7220b31.jpg"
Toyota Hilux Surf 4 поколение Внедорожник , 2003/12500$/"https://i.cars.kg/preview/r/SaklMxLAhUXQDqE_l6ua4Q/1080x-/20211003/e2727e9f7e2075ac75baa9e56a161a6f.jpg"
Hyundai i30 FD Хетчбэк , 2008/5500$/
Volkswagen Golf 4 поколение Хетчбэк 5-дв. , 1999/4800$/"https://i.cars.kg/preview/r/SWLLGRCAlFhzK2j-QU8Ycg/1080x-/20211003/d5839726c34f08105300b23c47e06aed.jpeg"
Toyota RAV4 4 поколение [рестайлинг] Кроссовер , 2017/19500$/"https://i.cars.kg/preview/r/sUCTqosZkB427PpSbnv_nw/1080x-/20211003/801622794a67f07cfc7721600e0714fe.jpg"
Honda Stream 1 поколение Минивэн , 2003/4500$/"https://i.cars.kg/preview/r/okBxqMh1t9s2TnB8y8rk8w/1080x-/20211003/b71e380372ac281afecc0b78bf2777b9.jpg"
"Mercedes-Benz E-Класс W210/S210 Универсал , 1996"/3700$/"https://i.cars.kg/preview/r/3W-8uUxhxlGuEsAN3LTlWw/1080x-/20211002/bc714d85dfb73027635f0d42014d8c5f.jpg"
Mercedes-Benz E-Класс W124 Седан 4-дв. , 1988/1400$/
Toyota Ist 1 поколение Хетчбэк , 2004/5800$/"https://i.cars.kg/preview/r/JYSA0ZSEYz799BqZObrvxA/1080x-/20211002/1822c2a6ceb92c7593b8927d4b105a5c.jpg"
ВАЗ (Lada) 2107 1 поколение Седан , 2011/2200$/"https://i.cars.kg/preview/r/KaD_Jm0He4HRuE_Mh568mA/1080x-/20211002/a524c77274572f2cbe84d2b38bdf4bb4.jpg"
Toyota Camry XV50 [рестайлинг] Седан , 2018/18700$/"https://i.cars.kg/preview/r/pvA9Eti87EVhpWJR2pJT-A/1080x-/20211002/986f23b788ea7c38f973f1cbe72d9f83.jpg"
Mazda , 2003/4500$/"https://i.cars.kg/preview/r/b6XnN82_TOyEZBbYy79qdw/1080x-/20211002/8af686dcbc7ca895e0a6a5ad50ee37d5.jpg"
"Mercedes-Benz E-Класс W211/S211 Седан , 2004"/8500$/"https://i.cars.kg/preview/r/hqkbejKOx7zlZmYtw5y2mA/1080x-/20211002/3bdd6ef2daa198fddf00ffd37ea4e205.jpg"
Land Rover Range Rover 3 поколение [2-й рестайлинг] Внедорожник , 2010/17800$/"https://i.cars.kg/preview/r/Wqsv4Mb1drGmDG79FLfLyw/1080x-/20211002/52230b464984d8f1aa3814644fa4a437.jpg"
"Audi A6 4B/C5 [рестайлинг] Седан , 2003"/7000$/"https://i.cars.kg/preview/r/pW9JCm9ELmQz3_dYOVG7eQ/1080x-/20211002/2abc5d0c946097a0a05bb3f9971a9885.jpeg"
Subaru Forester 3 поколение Кроссовер , 2009/9500$/"https://i.cars.kg/preview/r/99kG8Es_GfCVphYs_zfaHA/1080x-/20211002/819900577dc84acf720c26e7ff1c7243.jpg"
Mitsubishi Pajero 4 поколение [рестайлинг] Внедорожник 5-дв. , 2011/21000$/"https://i.cars.kg/preview/r/I_Qkd7txXeLCkIG78TPunA/1080x-/20211002/d59e43044ff122be6a664a92b3173a9c.jpg"
Acura MDX 1 поколение Кроссовер , 2004/6500$/"https://i.cars.kg/preview/r/cVZzzHp230gW2Aojwi1mlA/1080x-/20211002/ba193a9d8ff6d92099e19aa921c3c7a3.jpg"
Mercedes-Benz S-Класс W220 [рестайлинг] Седан , 2004/6300$/"https://i.cars.kg/preview/r/x_VQMG-hfXJs2jN3YWXNVw/1080x-/20211002/e8057795a287f5e014b73037d7863aaf.jpg"
Hyundai Santa Fe CM [рестайлинг] Кроссовер , 2012/14000$/"https://i.cars.kg/preview/r/PBKOgVTzUiGwXDyIJGSjBg/1080x-/20211002/fb719620411f6f98db362f3779bbdd96.jpg"
Chevrolet Tahoe GMT900 Внедорожник 5-дв. , 2013/27700$/"https://i.cars.kg/preview/r/iR-vScW-yYphyXFXXyqU6Q/1080x-/20211002/d57460e26ad457155d3f030449118e24.jpg"
"BMW 5 серия F07/F10/F11 Седан , 2011"/16300$/"https://i.cars.kg/preview/r/GQafVVBmtxTxurKqzd_KSQ/1080x-/20211002/1dc5ba99d0964f80a51f876fa50a3aac.jpeg"
BMW X5 E70 [рестайлинг] Кроссовер , 2009/15000$/"https://i.cars.kg/preview/r/OB0jA3d8NBV8LFpbhg1oMQ/1080x-/20211002/1e3f0abb29b9cb4c11c93ceb13f04738.jpg"
Toyota RAV4 3 поколение [2-й рестайлинг] Кроссовер , 2010/13500$/"https://i.cars.kg/preview/r/Xv8weB9xNKn-fkpJmdTqVQ/1080x-/20211002/142ba80692656cf069951ce11f39bf4f.jpg"
Ford Explorer 5 поколение Внедорожник 5-дв. , 2014/19200$/"https://i.cars.kg/preview/r/x3f7oAM1VuCFklMzna1QmA/1080x-/20211002/431372abf3581c8e7d5841bc2f9a11f9.jpg"
"Mercedes-Benz E-Класс W211/S211 Седан , 2002"/5600$/"https://i.cars.kg/preview/r/jE56AYYluzTrWxNyqLjkSw/1080x-/20211002/416b88c435658b70e8bf2570140b7b6a.jpg"
Mercedes-Benz S-Класс W220 [рестайлинг] Седан , 2004/6000$/"https://i.cars.kg/preview/r/kMTLSgXBQqbIxfgFTufS_Q/1080x-/20211002/11e927d555283d25eb3443a92f593351.jpg"
Ford Mustang 5 поколение Купе , 2011/25000$/"https://i.cars.kg/preview/r/Jpe17tyB12kW8hZrvalW3A/1080x-/20211002/3d7459696ab91b8e3a6bec166fc106d1.jpg"
Lexus GX 1 поколение Внедорожник , 2004/21300$/"https://i.cars.kg/preview/r/LakKASU7Z-B7bYBSQRZZoA/1080x-/20211002/32913c3731ab2de7eb7efa13317417e2.jpg"
Mercedes-Benz CLS-Класс C219 Седан 4-дв. , 2008/16300$/"https://i.cars.kg/preview/r/mXFSxa0YToEQmkKujwGxtw/1080x-/20211002/ce8ed6de5c81f3b45f0b27da3cb4040e.jpg"
Mercedes-Benz M-Класс W163 [рестайлинг] AMG кроссовер 5-дв. , 2004/6000$/
Toyota Land Cruiser J200 [2-й рестайлинг] Внедорожник , 2016/57600$/"https://i.cars.kg/preview/r/UUObP3ACwRcK7qIJcOmdRw/1080x-/20211002/01a86a82d39560582e32d242659c9976.jpg"
Toyota Camry XV40 [рестайлинг] Седан 4-дв. , 2009/10350$/"https://i.cars.kg/preview/r/yrbiWXGxA48y8YDskRvRwA/1080x-/20211002/5d421fa3572ec91c94a275b5e1ecf54d.jpg"
"Mercedes-Benz S-Класс W222 / C217 Седан 4-дв. , 2015"/57000$/"https://i.cars.kg/preview/r/eVZ5yMOZ8IJODxi39PQgTQ/1080x-/20211002/80eef65e8b6fd038054871085f1e14d5.jpg"
Toyota Alphard 1 поколение [рестайлинг] Минивэн , 2005/9000$/"https://i.cars.kg/preview/r/mIDZqTroECzK5vc4L9uCwA/1080x-/20211001/2e5632991f102e2a608d3a1086903c50.jpg"
Hyundai Sonata EF New [рестайлинг] Tagaz седан 4-дв. , 2005/5600$/"https://i.cars.kg/preview/r/MgIhHJaoG7rhp51JPeaf9Q/1080x-/20211001/ede6c5170bb142b35363c40ecd2cd407.jpg"
Honda Accord 7 поколение Седан , 2003/8000$/"https://i.cars.kg/preview/r/ajYxNRG7RdHlK0JUtfzdeg/1080x-/20211001/c680589ae4aeabeddfb0cdb70870ab60.jpg"
Lexus IS 1 поколение Седан , 2002/4700$/"https://i.cars.kg/preview/r/_VIuVM-kB69glJUiX6yTTg/1080x-/20211001/f56b75f3d6062ea2efc1a9dffdd17cf3.jpg"
Kia Optima 1 поколение [рестайлинг] Седан , 2002/250000$/"https://i.cars.kg/preview/r/pLxij2AUmuDi46S6uurPHw/1080x-/20211001/4a185c6d504ef0c0500be5565ca7af61.jpeg"
Toyota Camry , 2021/36000$/"https://i.cars.kg/preview/r/3wrvOqzSGDdJk92CHyRdZA/1080x-/20211001/dc5a24f87a1e1d84cf0ad8ddb4438e6a.jpg"
